name,method,perc_diff,perc_missed_-16,perc_missed_+16,delta_coords_std,delta_pms_std,delta_plx_std
IC_2602.csv,py,-526.4,3.4,1.5,-6.10,-10.60,-1.41
UPK_545.csv,py,-478.2,2.0,6.7,-1.39,-7.38,-1.86
Collinder_132.csv,py,-333.7,37.1,54.2,-0.48,-1.64,-0.40
RSG_8.csv,py,-104.1,21.6,32.9,-0.45,-0.18,-0.03
UPK_495.csv,py,-548.7,53.8,92.3,-0.43,-1.89,-0.48
UPK_585.csv,py,-25.0,27.3,83.3,-0.71,-0.21,0.05
UBC_8.csv,py,-69.9,0.0,5.3,-0.16,-0.04,-0.03
UPK_442.csv,py,-57.4,28.6,41.7,-0.18,-2.21,-0.25
Gulliver_9.csv,py,-424.6,20.8,24.5,-0.85,-1.94,-0.45
UPK_552.csv,py,-9.1,20.7,26.7,-0.29,-0.17,0.02
Alessi_2.csv,py,-54.7,6.3,29.2,-0.26,-3.12,-0.30
UPK_230.csv,py,-189.3,11.1,10.0,-0.64,-0.77,-0.05
Stock_2.csv,py,-31.2,4.8,7.2,-0.70,-0.79,-0.02
COIN-Gaia_13.csv,py,-30.0,13.7,31.4,-0.31,0.01,0.05
ASCC_41.csv,py,-1.6,8.5,9.6,0.04,0.02,0.02
UBC_31.csv,py,-1301.4,12.3,12.5,-0.76,-1.40,-0.25
NGC_1039.csv,py,-14.8,13.5,16.8,-0.13,0.09,0.03
ASCC_127.csv,py,-64.1,14.6,18.8,-0.57,0.02,0.02
NGC_2451A.csv,py,-6.6,5.6,4.7,-0.03,-0.00,0.00
IC_2602.csv,M1,-48.6,5.7,10.4,-0.56,-0.86,-0.00
IC_2602.csv,M2,-42.1,5.7,11.9,-0.50,-0.75,0.01
IC_2602.csv,M3,-109.3,3.4,8.9,-2.99,-2.05,-0.06
IC_2602.csv,M4,-100.6,3.4,9.6,-2.83,-1.93,-0.04
IC_2602.csv,M5,-62.7,5.1,3.0,-0.75,-0.83,0.00
IC_2602.csv,M6,-59.2,5.7,3.7,-0.72,-0.81,0.01
IC_2602.csv,M7,-111.6,3.4,3.0,-2.76,-1.48,-0.01
IC_2602.csv,M8,-95.8,4.5,3.0,-2.51,-1.30,0.00
IC_2602.csv,M9,-47.3,6.2,4.4,-0.21,-0.50,-0.23
IC_2602.csv,M10,-40.5,6.8,4.4,-0.16,-0.41,-0.21
IC_2602.csv,M11,-145.0,3.4,2.2,-3.75,-1.05,-0.58
IC_2602.csv,M12,-117.7,4.0,4.4,-3.59,-0.80,-0.55
IC_2602.csv,M13,-52.1,6.2,3.7,-0.20,-0.37,-0.20
IC_2602.csv,M14,-45.3,6.2,3.7,-0.12,-0.30,-0.18
IC_2602.csv,M15,-135.4,3.4,1.5,-3.52,-0.48,-0.53
IC_2602.csv,M16,-114.5,3.4,1.5,-3.33,-0.41,-0.48
IC_2602.csv,M17,-53.7,5.1,8.9,-0.67,-0.92,-0.01
IC_2602.csv,M18,-46.6,5.7,11.9,-0.59,-0.77,0.00
IC_2602.csv,M19,-66.2,4.0,3.0,-0.88,-0.88,0.00
IC_2602.csv,M20,-92.0,3.4,10.4,-2.77,-1.87,-0.03
IC_2602.csv,M21,-66.2,4.0,3.0,-0.87,-0.87,-0.00
IC_2602.csv,M22,-61.1,5.1,3.7,-0.85,-0.85,0.01
IC_2602.csv,M23,-112.9,3.4,3.0,-2.83,-1.47,-0.01
IC_2602.csv,M24,-97.4,4.5,3.0,-2.48,-1.31,-0.00
UPK_545.csv,M1,-11.5,11.1,29.3,-0.22,-0.29,0.03
UPK_545.csv,M2,-8.0,12.1,33.3,-0.23,-0.24,0.04
UPK_545.csv,M3,-54.0,9.1,32.0,-0.67,-0.65,0.02
UPK_545.csv,M4,-43.7,10.1,30.7,-0.56,-0.57,0.02
UPK_545.csv,M5,-13.2,16.2,24.0,-0.18,-0.21,0.05
UPK_545.csv,M6,-8.6,16.2,25.3,-0.21,-0.14,0.05
UPK_545.csv,M7,-41.4,15.2,20.0,-0.48,-0.39,0.05
UPK_545.csv,M8,-31.0,15.2,21.3,-0.43,-0.31,0.05
UPK_545.csv,M9,-54.0,4.0,16.0,-0.40,-0.22,-0.12
UPK_545.csv,M10,-32.8,4.0,25.3,-0.32,-0.12,-0.10
UPK_545.csv,M11,-102.3,3.0,22.7,-0.80,-0.25,-0.20
UPK_545.csv,M12,-88.5,3.0,24.0,-0.73,-0.21,-0.19
UPK_545.csv,M13,-51.1,2.0,6.7,-0.42,-0.05,-0.10
UPK_545.csv,M14,-39.1,4.0,8.0,-0.30,-0.02,-0.10
UPK_545.csv,M15,-78.7,2.0,6.7,-0.63,-0.06,-0.14
UPK_545.csv,M16,-56.3,4.0,8.0,-0.55,-0.03,-0.12
UPK_545.csv,M17,-12.6,12.1,30.7,-0.30,-0.31,0.04
UPK_545.csv,M18,-10.9,11.1,32.0,-0.29,-0.27,0.04
UPK_545.csv,M19,-16.1,15.2,22.7,-0.24,-0.21,0.05
UPK_545.csv,M20,-42.5,10.1,32.0,-0.55,-0.58,0.02
UPK_545.csv,M21,-16.7,15.2,22.7,-0.26,-0.21,0.05
UPK_545.csv,M22,-12.6,15.2,22.7,-0.22,-0.15,0.05
UPK_545.csv,M23,-41.4,15.2,20.0,-0.51,-0.37,0.05
UPK_545.csv,M24,-31.0,15.2,20.0,-0.42,-0.29,0.05
Collinder_132.csv,M1,16.3,46.8,83.3,-0.29,-0.02,0.05
Collinder_132.csv,M2,31.4,53.2,87.5,-0.28,0.01,0.05
Collinder_132.csv,M3,-15.1,46.8,83.3,-0.48,-0.05,0.05
Collinder_132.csv,M4,5.8,50.0,87.5,-0.47,-0.02,0.05
Collinder_132.csv,M5,20.9,56.5,66.7,-0.25,0.08,0.06
Collinder_132.csv,M6,45.3,62.9,79.2,-0.01,0.10,0.07
Collinder_132.csv,M7,4.7,56.5,66.7,-0.40,0.05,0.06
Collinder_132.csv,M8,24.4,59.7,79.2,-0.40,0.06,0.06
Collinder_132.csv,M9,-69.8,22.6,45.8,-0.34,0.06,0.00
Collinder_132.csv,M10,-41.9,25.8,45.8,-0.31,0.08,0.00
Collinder_132.csv,M11,-109.3,24.2,45.8,-0.39,0.03,-0.01
Collinder_132.csv,M12,-76.7,25.8,45.8,-0.38,0.05,-0.00
Collinder_132.csv,M13,-97.7,29.0,33.3,-0.38,0.09,-0.00
Collinder_132.csv,M14,-73.3,33.9,37.5,-0.40,0.11,0.00
Collinder_132.csv,M15,-120.9,29.0,33.3,-0.48,0.09,-0.01
Collinder_132.csv,M16,-93.0,33.9,33.3,-0.44,0.10,-0.00
Collinder_132.csv,M17,17.4,48.4,87.5,-0.33,0.01,0.05
Collinder_132.csv,M18,30.2,54.8,79.2,-0.27,0.02,0.05
Collinder_132.csv,M19,25.6,59.7,62.5,-0.24,0.08,0.06
Collinder_132.csv,M20,9.3,48.4,87.5,-0.47,-0.02,0.05
Collinder_132.csv,M21,25.6,59.7,66.7,-0.20,0.09,0.06
Collinder_132.csv,M22,38.4,64.5,66.7,-0.16,0.09,0.06
Collinder_132.csv,M23,0.0,58.1,62.5,-0.42,0.05,0.06
Collinder_132.csv,M24,23.3,62.9,66.7,-0.35,0.06,0.06
RSG_8.csv,M1,38.8,70.5,89.0,-0.39,-0.02,0.11
RSG_8.csv,M2,54.1,71.6,95.1,-0.33,-0.01,0.12
RSG_8.csv,M3,20.0,70.5,90.2,-0.66,-0.03,0.11
RSG_8.csv,M4,27.6,70.5,92.7,-0.65,-0.03,0.11
RSG_8.csv,M5,63.5,75.0,87.8,0.06,0.18,0.13
RSG_8.csv,M6,71.8,77.3,90.2,0.15,0.21,0.14
RSG_8.csv,M7,50.0,75.0,85.4,-0.48,0.13,0.13
RSG_8.csv,M8,64.7,77.3,91.5,-0.39,0.18,0.14
RSG_8.csv,M9,17.1,63.6,78.0,-0.31,0.20,0.05
RSG_8.csv,M10,35.9,65.9,80.5,-0.20,0.23,0.06
RSG_8.csv,M11,-4.7,62.5,79.3,-0.62,0.18,0.04
RSG_8.csv,M12,16.5,67.0,80.5,-0.60,0.22,0.05
RSG_8.csv,M13,25.9,70.5,70.7,0.00,0.27,0.06
RSG_8.csv,M14,42.4,72.7,73.2,0.07,0.29,0.08
RSG_8.csv,M15,-4.1,70.5,72.0,-0.50,0.26,0.06
RSG_8.csv,M16,10.6,70.5,74.4,-0.50,0.28,0.06
RSG_8.csv,M17,28.2,69.3,87.8,-0.49,-0.02,0.11
RSG_8.csv,M18,50.6,71.6,95.1,-0.40,-0.03,0.12
RSG_8.csv,M19,67.6,77.3,86.6,0.13,0.21,0.13
RSG_8.csv,M20,28.8,71.6,92.7,-0.65,-0.03,0.12
RSG_8.csv,M21,60.0,75.0,85.4,0.03,0.18,0.13
RSG_8.csv,M22,72.4,76.1,90.2,0.16,0.24,0.14
RSG_8.csv,M23,41.8,75.0,86.6,-0.58,0.11,0.13
RSG_8.csv,M24,64.1,76.1,92.7,-0.43,0.18,0.14
UPK_495.csv,M1,59.0,57.7,100.0,0.59,0.09,0.10
UPK_495.csv,M2,56.4,57.7,100.0,0.54,0.10,0.10
UPK_495.csv,M3,-12.8,38.5,100.0,-0.61,-0.23,0.09
UPK_495.csv,M4,17.9,46.2,100.0,-0.63,-0.21,0.09
UPK_495.csv,M5,56.4,50.0,100.0,0.57,0.11,0.10
UPK_495.csv,M6,61.5,53.8,100.0,0.54,0.12,0.11
UPK_495.csv,M7,20.5,42.3,92.3,-0.39,-0.04,0.10
UPK_495.csv,M8,33.3,46.2,100.0,-0.35,-0.03,0.11
UPK_495.csv,M9,20.5,30.8,92.3,0.37,0.10,0.02
UPK_495.csv,M10,28.2,34.6,92.3,0.38,0.13,0.01
UPK_495.csv,M11,-23.1,26.9,92.3,-0.41,0.09,-0.01
UPK_495.csv,M12,-5.1,34.6,92.3,-0.43,0.12,-0.00
UPK_495.csv,M13,35.9,50.0,84.6,0.39,0.17,0.02
UPK_495.csv,M14,61.5,69.2,100.0,0.47,0.18,0.08
UPK_495.csv,M15,-7.7,46.2,84.6,-0.46,0.18,0.01
UPK_495.csv,M16,-2.6,42.3,84.6,-0.48,0.18,0.02
UPK_495.csv,M17,48.7,46.2,100.0,0.50,0.08,0.09
UPK_495.csv,M18,51.3,50.0,100.0,0.49,0.07,0.09
UPK_495.csv,M19,61.5,53.8,100.0,0.60,0.11,0.10
UPK_495.csv,M20,-7.7,38.5,100.0,-0.55,-0.18,0.09
UPK_495.csv,M21,64.1,57.7,100.0,0.59,0.12,0.11
UPK_495.csv,M22,64.1,57.7,100.0,0.59,0.12,0.11
UPK_495.csv,M23,30.8,42.3,100.0,-0.35,-0.03,0.10
UPK_495.csv,M24,43.6,46.2,100.0,-0.27,-0.00,0.11
UPK_585.csv,M1,35.7,31.8,100.0,-0.07,-0.03,0.06
UPK_585.csv,M2,28.6,31.8,100.0,-0.22,-0.09,0.06
UPK_585.csv,M3,-46.4,27.3,100.0,-0.98,-0.38,0.05
UPK_585.csv,M4,-7.1,22.7,100.0,-0.70,-0.20,0.05
UPK_585.csv,M5,46.4,31.8,100.0,0.16,0.05,0.06
UPK_585.csv,M6,42.9,27.3,100.0,0.15,0.05,0.06
UPK_585.csv,M7,53.6,45.5,100.0,-0.03,0.08,0.06
UPK_585.csv,M8,46.4,36.4,100.0,0.11,0.04,0.06
UPK_585.csv,M9,32.1,27.3,66.7,0.18,0.08,0.03
UPK_585.csv,M10,39.3,27.3,100.0,0.18,0.08,0.03
UPK_585.csv,M11,-17.9,22.7,100.0,-0.86,0.00,-0.02
UPK_585.csv,M12,-17.9,22.7,100.0,-0.86,0.00,-0.02
UPK_585.csv,M13,100.0,100.0,100.0,nan,nan,nan
UPK_585.csv,M14,92.9,90.9,100.0,0.16,0.16,0.06
UPK_585.csv,M15,100.0,100.0,100.0,nan,nan,nan
UPK_585.csv,M16,92.9,90.9,100.0,0.16,0.16,0.06
UPK_585.csv,M17,21.4,22.7,100.0,-0.20,-0.08,0.05
UPK_585.csv,M18,25.0,22.7,100.0,-0.12,-0.06,0.05
UPK_585.csv,M19,75.0,68.2,100.0,0.19,0.09,0.06
UPK_585.csv,M20,-3.6,27.3,100.0,-0.72,-0.21,0.05
UPK_585.csv,M21,42.9,27.3,100.0,0.15,0.05,0.06
UPK_585.csv,M22,64.3,54.5,100.0,0.17,0.07,0.07
UPK_585.csv,M23,28.6,27.3,100.0,-0.31,-0.04,0.06
UPK_585.csv,M24,50.0,50.0,100.0,-0.06,-0.02,0.06
UBC_8.csv,M1,-26.2,19.0,26.3,0.31,-0.26,-0.01
UBC_8.csv,M2,-21.4,19.0,26.3,0.32,-0.27,-0.01
UBC_8.csv,M3,-124.3,1.2,5.3,-0.42,-0.67,-0.04
UBC_8.csv,M4,-84.5,1.2,10.5,-0.37,-0.48,-0.03
UBC_8.csv,M5,-48.5,13.1,10.5,0.25,-0.16,-0.02
UBC_8.csv,M6,-49.5,13.1,10.5,0.25,-0.14,-0.02
UBC_8.csv,M7,-121.4,1.2,0.0,-0.33,-0.34,-0.03
UBC_8.csv,M8,-111.7,1.2,0.0,-0.31,-0.31,-0.03
UBC_8.csv,M9,-61.2,13.1,15.8,0.25,-0.13,-0.12
UBC_8.csv,M10,-55.3,11.9,15.8,0.25,-0.11,-0.11
UBC_8.csv,M11,-185.4,0.0,5.3,-0.46,-0.38,-0.19
UBC_8.csv,M12,-160.2,0.0,5.3,-0.41,-0.31,-0.17
UBC_8.csv,M13,-70.9,11.9,15.8,0.22,-0.12,-0.11
UBC_8.csv,M14,-68.9,10.7,15.8,0.22,-0.11,-0.08
UBC_8.csv,M15,-158.3,0.0,5.3,-0.35,-0.17,-0.15
UBC_8.csv,M16,-143.7,0.0,5.3,-0.32,-0.15,-0.12
UBC_8.csv,M17,-33.0,15.5,15.8,0.27,-0.30,-0.01
UBC_8.csv,M18,-28.2,15.5,21.1,0.27,-0.27,-0.01
UBC_8.csv,M19,-59.2,11.9,10.5,0.22,-0.16,-0.02
UBC_8.csv,M20,-81.6,1.2,10.5,-0.37,-0.46,-0.03
UBC_8.csv,M21,-55.3,11.9,10.5,0.23,-0.17,-0.02
UBC_8.csv,M22,-52.4,11.9,10.5,0.22,-0.14,-0.02
UBC_8.csv,M23,-120.4,1.2,0.0,-0.31,-0.34,-0.03
UBC_8.csv,M24,-112.6,1.2,0.0,-0.29,-0.31,-0.03
UPK_442.csv,M1,-20.4,35.7,50.0,0.17,-0.23,0.05
UPK_442.csv,M2,-5.6,40.5,50.0,0.15,-0.21,0.05
UPK_442.csv,M3,-94.4,21.4,41.7,-0.23,-0.35,0.04
UPK_442.csv,M4,-68.5,21.4,50.0,-0.21,-0.31,0.04
UPK_442.csv,M5,11.1,50.0,41.7,0.37,-0.06,0.06
UPK_442.csv,M6,24.1,50.0,33.3,0.37,-0.06,0.06
UPK_442.csv,M7,-40.7,26.2,25.0,-0.12,-0.09,0.05
UPK_442.csv,M8,-29.6,28.6,25.0,-0.10,-0.07,0.05
UPK_442.csv,M9,11.1,40.5,50.0,0.43,0.01,0.01
UPK_442.csv,M10,11.1,40.5,50.0,0.42,0.01,0.01
UPK_442.csv,M11,-103.7,0.0,33.3,-0.36,-0.03,-0.02
UPK_442.csv,M12,-68.5,2.4,41.7,-0.27,-0.02,-0.01
UPK_442.csv,M13,-25.9,38.1,33.3,0.33,0.02,-0.01
UPK_442.csv,M14,-20.4,35.7,41.7,0.30,0.02,-0.01
UPK_442.csv,M15,-144.4,0.0,16.7,-0.32,-0.01,-0.03
UPK_442.csv,M16,-111.1,7.1,25.0,-0.30,0.01,-0.02
UPK_442.csv,M17,-27.8,35.7,41.7,0.16,-0.25,0.05
UPK_442.csv,M18,-1.9,40.5,58.3,0.23,-0.16,0.05
UPK_442.csv,M19,13.0,47.6,33.3,0.35,-0.06,0.06
UPK_442.csv,M20,-70.4,23.8,50.0,-0.20,-0.30,0.04
UPK_442.csv,M21,7.4,47.6,33.3,0.36,-0.06,0.05
UPK_442.csv,M22,16.7,47.6,50.0,0.36,-0.07,0.06
UPK_442.csv,M23,-38.9,26.2,25.0,-0.09,-0.09,0.05
UPK_442.csv,M24,-25.9,31.0,33.3,-0.10,-0.09,0.06
Gulliver_9.csv,M1,29.8,23.8,57.0,0.16,-0.08,0.03
Gulliver_9.csv,M2,31.7,25.7,60.3,0.17,-0.08,0.04
Gulliver_9.csv,M3,6.7,16.8,55.6,-0.38,-0.18,0.02
Gulliver_9.csv,M4,3.2,16.8,51.7,-0.35,-0.18,0.03
Gulliver_9.csv,M5,21.4,32.7,39.1,0.20,0.05,0.04
Gulliver_9.csv,M6,36.1,36.6,51.0,0.21,0.08,0.05
Gulliver_9.csv,M7,-1.6,22.8,29.8,-0.20,0.04,0.04
Gulliver_9.csv,M8,4.4,27.7,33.1,-0.19,0.06,0.04
Gulliver_9.csv,M9,31.0,38.6,51.7,0.27,0.13,-0.04
Gulliver_9.csv,M10,36.1,40.6,53.6,0.21,0.13,-0.04
Gulliver_9.csv,M11,-20.6,12.9,48.3,-0.43,0.04,-0.14
Gulliver_9.csv,M12,3.2,18.8,57.0,-0.37,0.07,-0.12
Gulliver_9.csv,M13,25.4,43.6,37.7,0.23,0.18,-0.00
Gulliver_9.csv,M14,28.6,45.5,41.1,0.24,0.18,0.00
Gulliver_9.csv,M15,-6.0,30.7,29.8,-0.28,0.15,-0.04
Gulliver_9.csv,M16,-5.6,30.7,32.5,-0.26,0.15,-0.04
Gulliver_9.csv,M17,28.2,24.8,55.6,0.16,-0.08,0.03
Gulliver_9.csv,M18,31.7,24.8,58.9,0.17,-0.08,0.04
Gulliver_9.csv,M19,18.7,31.7,38.4,0.16,0.04,0.04
Gulliver_9.csv,M20,11.5,17.8,58.3,-0.37,-0.19,0.03
Gulliver_9.csv,M21,19.8,29.7,39.7,0.18,0.05,0.04
Gulliver_9.csv,M22,31.3,34.7,47.0,0.18,0.08,0.05
Gulliver_9.csv,M23,-0.8,23.8,30.5,-0.23,0.03,0.04
Gulliver_9.csv,M24,12.3,27.7,36.4,-0.15,0.06,0.05
UPK_552.csv,M1,6.8,24.1,40.0,0.38,-0.38,0.02
UPK_552.csv,M2,13.6,24.1,46.7,0.42,-0.23,0.03
UPK_552.csv,M3,-63.6,13.8,26.7,-0.41,-1.16,0.00
UPK_552.csv,M4,-59.1,13.8,20.0,-0.34,-1.12,0.01
UPK_552.csv,M5,0.0,24.1,33.3,0.43,-0.34,0.02
UPK_552.csv,M6,4.5,24.1,33.3,0.42,-0.29,0.03
UPK_552.csv,M7,-65.9,13.8,6.7,-0.35,-0.76,0.02
UPK_552.csv,M8,-52.3,13.8,6.7,-0.31,-0.65,0.02
UPK_552.csv,M9,-22.7,20.7,33.3,0.26,-0.41,-0.07
UPK_552.csv,M10,-20.5,20.7,40.0,0.25,-0.41,-0.07
UPK_552.csv,M11,-106.8,10.3,20.0,-0.39,-0.48,-0.17
UPK_552.csv,M12,-93.2,10.3,20.0,-0.34,-0.45,-0.14
UPK_552.csv,M13,9.1,24.1,33.3,0.39,-0.01,-0.00
UPK_552.csv,M14,11.4,24.1,33.3,0.41,0.01,-0.00
UPK_552.csv,M15,-52.3,10.3,0.0,-0.33,-0.08,-0.15
UPK_552.csv,M16,-40.9,10.3,0.0,-0.29,-0.07,-0.12
UPK_552.csv,M17,6.8,24.1,46.7,0.34,-0.48,0.02
UPK_552.csv,M18,13.6,24.1,46.7,0.42,-0.23,0.03
UPK_552.csv,M19,-6.8,24.1,26.7,0.30,-0.46,0.02
UPK_552.csv,M20,-56.8,13.8,20.0,-0.39,-1.13,0.01
UPK_552.csv,M21,-6.8,24.1,26.7,0.32,-0.42,0.02
UPK_552.csv,M22,0.0,24.1,26.7,0.33,-0.39,0.03
UPK_552.csv,M23,-56.8,13.8,6.7,-0.28,-0.65,0.02
UPK_552.csv,M24,-45.5,13.8,6.7,-0.23,-0.58,0.03
Alessi_2.csv,M1,-4.4,11.7,56.2,0.12,-0.19,0.04
Alessi_2.csv,M2,0.0,12.6,60.4,0.12,-0.18,0.04
Alessi_2.csv,M3,-50.3,5.4,52.1,-0.34,-0.32,0.03
Alessi_2.csv,M4,-33.3,7.2,64.6,-0.26,-0.30,0.03
Alessi_2.csv,M5,-13.8,14.4,29.2,0.18,-0.10,0.04
Alessi_2.csv,M6,-9.4,14.4,37.5,0.18,-0.09,0.04
Alessi_2.csv,M7,-46.5,7.2,27.1,-0.21,-0.15,0.04
Alessi_2.csv,M8,-48.4,5.4,27.1,-0.22,-0.15,0.04
Alessi_2.csv,M9,-19.5,10.8,18.8,0.15,-0.01,-0.00
Alessi_2.csv,M10,-14.5,10.8,18.8,0.17,-0.01,0.00
Alessi_2.csv,M11,-72.3,1.8,14.6,-0.30,-0.07,-0.05
Alessi_2.csv,M12,-59.1,1.8,18.8,-0.27,-0.04,-0.04
Alessi_2.csv,M13,-13.8,13.5,12.5,0.18,0.02,0.00
Alessi_2.csv,M14,-12.6,14.4,10.4,0.18,0.02,0.00
Alessi_2.csv,M15,-53.5,5.4,8.3,-0.28,0.01,-0.04
Alessi_2.csv,M16,-47.8,6.3,8.3,-0.28,0.02,-0.03
Alessi_2.csv,M17,-5.7,11.7,56.2,0.10,-0.20,0.04
Alessi_2.csv,M18,1.9,11.7,64.6,0.10,-0.17,0.04
Alessi_2.csv,M19,-16.4,11.7,31.2,0.15,-0.10,0.04
Alessi_2.csv,M20,-37.7,5.4,60.4,-0.29,-0.30,0.03
Alessi_2.csv,M21,-17.0,11.7,25.0,0.13,-0.10,0.04
Alessi_2.csv,M22,-13.8,12.6,35.4,0.15,-0.08,0.04
Alessi_2.csv,M23,-50.9,5.4,27.1,-0.22,-0.15,0.04
Alessi_2.csv,M24,-42.1,7.2,31.2,-0.19,-0.15,0.04
UPK_230.csv,M1,-60.7,16.7,40.0,-0.36,-0.44,0.02
UPK_230.csv,M2,-53.6,16.7,50.0,-0.42,-0.38,0.02
UPK_230.csv,M3,-182.1,11.1,60.0,-0.73,-0.67,0.01
UPK_230.csv,M4,-178.6,11.1,50.0,-0.73,-0.66,0.01
UPK_230.csv,M5,-103.6,11.1,20.0,-0.76,-0.24,0.02
UPK_230.csv,M6,-96.4,11.1,20.0,-0.72,-0.17,0.02
UPK_230.csv,M7,-150.0,11.1,20.0,-0.74,-0.26,0.01
UPK_230.csv,M8,-157.1,11.1,20.0,-0.75,-0.26,0.01
UPK_230.csv,M9,-107.1,11.1,10.0,-0.75,-0.06,-0.05
UPK_230.csv,M10,-92.9,11.1,10.0,-0.74,-0.05,-0.01
UPK_230.csv,M11,-175.0,11.1,10.0,-0.80,-0.12,-0.09
UPK_230.csv,M12,-128.6,11.1,20.0,-0.76,-0.07,-0.07
UPK_230.csv,M13,-135.7,11.1,0.0,-0.69,-0.06,-0.07
UPK_230.csv,M14,-128.6,11.1,0.0,-0.70,-0.05,-0.06
UPK_230.csv,M15,-207.1,11.1,0.0,-0.72,-0.10,-0.09
UPK_230.csv,M16,-200.0,11.1,0.0,-0.73,-0.09,-0.09
UPK_230.csv,M17,-67.9,16.7,50.0,-0.46,-0.49,0.01
UPK_230.csv,M18,-50.0,16.7,60.0,-0.43,-0.39,0.02
UPK_230.csv,M19,-107.1,11.1,20.0,-0.74,-0.29,0.02
UPK_230.csv,M20,-175.0,11.1,50.0,-0.73,-0.62,0.01
UPK_230.csv,M21,-114.3,11.1,20.0,-0.79,-0.29,0.02
UPK_230.csv,M22,-71.4,11.1,40.0,-0.72,-0.14,0.02
UPK_230.csv,M23,-182.1,11.1,20.0,-0.76,-0.38,0.01
UPK_230.csv,M24,-157.1,11.1,20.0,-0.75,-0.26,0.01
Stock_2.csv,M1,-2.4,7.5,27.2,-0.10,-0.17,0.01
Stock_2.csv,M2,0.3,7.2,31.6,-0.09,-0.14,0.01
Stock_2.csv,M3,-32.9,5.4,24.7,-1.08,-0.67,-0.01
Stock_2.csv,M4,-25.0,5.4,29.3,-0.98,-0.54,-0.00
Stock_2.csv,M5,-11.7,6.8,8.5,-0.14,-0.10,0.01
Stock_2.csv,M6,-9.6,7.4,9.8,-0.11,-0.09,0.01
Stock_2.csv,M7,-32.8,5.3,6.9,-0.82,-0.29,0.00
Stock_2.csv,M8,-26.8,6.0,7.5,-0.71,-0.23,0.00
Stock_2.csv,M9,-9.0,6.7,22.4,-0.01,-0.06,-0.10
Stock_2.csv,M10,-6.5,7.0,24.2,0.01,-0.03,-0.08
Stock_2.csv,M11,-56.2,3.9,18.5,-1.26,-0.29,-0.26
Stock_2.csv,M12,-42.7,4.6,22.1,-1.11,-0.19,-0.21
Stock_2.csv,M13,-12.5,8.0,9.0,0.02,0.04,-0.08
Stock_2.csv,M14,-7.6,11.2,11.6,0.08,0.07,-0.07
Stock_2.csv,M15,-40.7,7.4,7.5,-0.99,-0.02,-0.16
Stock_2.csv,M16,-32.4,9.5,9.5,-0.88,0.03,-0.15
Stock_2.csv,M17,-4.6,6.7,26.7,-0.17,-0.19,0.01
Stock_2.csv,M18,-1.3,6.7,31.9,-0.14,-0.17,0.01
Stock_2.csv,M19,-15.4,5.8,7.2,-0.22,-0.14,0.00
Stock_2.csv,M20,-24.9,5.6,29.3,-0.97,-0.54,-0.00
Stock_2.csv,M21,-15.4,5.8,7.2,-0.22,-0.14,0.00
Stock_2.csv,M22,-12.6,6.3,8.7,-0.19,-0.12,0.01
Stock_2.csv,M23,-33.4,5.2,5.9,-0.81,-0.29,-0.00
Stock_2.csv,M24,-26.8,6.0,7.2,-0.72,-0.23,0.00
COIN-Gaia_13.csv,M1,-4.6,13.7,82.9,-0.31,-0.16,0.06
COIN-Gaia_13.csv,M2,3.8,14.7,88.6,-0.33,-0.03,0.06
COIN-Gaia_13.csv,M3,-60.8,8.4,71.4,-0.43,-0.41,0.05
COIN-Gaia_13.csv,M4,-30.0,10.5,85.7,-0.47,-0.20,0.06
COIN-Gaia_13.csv,M5,-43.8,9.5,37.1,-0.27,-0.11,0.05
COIN-Gaia_13.csv,M6,-36.9,11.6,37.1,-0.29,-0.08,0.05
COIN-Gaia_13.csv,M7,-80.0,6.3,31.4,-0.43,-0.18,0.05
COIN-Gaia_13.csv,M8,-52.3,8.4,34.3,-0.43,-0.09,0.06
COIN-Gaia_13.csv,M9,-52.3,6.3,20.0,-0.23,-0.05,-0.01
COIN-Gaia_13.csv,M10,-49.2,5.3,22.9,-0.26,-0.04,0.01
COIN-Gaia_13.csv,M11,-92.3,3.2,20.0,-0.39,-0.09,-0.03
COIN-Gaia_13.csv,M12,-76.2,3.2,25.7,-0.40,-0.07,-0.02
COIN-Gaia_13.csv,M13,-76.2,5.3,2.9,-0.27,-0.04,-0.01
COIN-Gaia_13.csv,M14,-68.5,5.3,8.6,-0.28,-0.03,-0.00
COIN-Gaia_13.csv,M15,-109.2,3.2,2.9,-0.40,-0.06,-0.02
COIN-Gaia_13.csv,M16,-92.3,3.2,8.6,-0.39,-0.04,-0.01
COIN-Gaia_13.csv,M17,-16.2,12.6,74.3,-0.29,-0.25,0.05
COIN-Gaia_13.csv,M18,-3.1,13.7,88.6,-0.33,-0.10,0.06
COIN-Gaia_13.csv,M19,-51.5,9.5,34.3,-0.35,-0.10,0.05
COIN-Gaia_13.csv,M20,-33.1,10.5,82.9,-0.48,-0.23,0.05
COIN-Gaia_13.csv,M21,-56.9,8.4,37.1,-0.31,-0.16,0.05
COIN-Gaia_13.csv,M22,-36.9,10.5,34.3,-0.30,-0.08,0.05
COIN-Gaia_13.csv,M23,-80.0,6.3,34.3,-0.43,-0.19,0.05
COIN-Gaia_13.csv,M24,-65.4,7.4,34.3,-0.42,-0.13,0.05
ASCC_41.csv,M1,8.1,19.7,26.9,0.22,-0.47,0.02
ASCC_41.csv,M2,8.1,19.7,25.0,0.20,-0.44,0.02
ASCC_41.csv,M3,-27.6,5.6,17.3,-0.20,-1.08,-0.01
ASCC_41.csv,M4,-25.2,5.6,19.2,-0.16,-1.09,-0.01
ASCC_41.csv,M5,4.9,21.1,17.3,0.22,-0.21,0.02
ASCC_41.csv,M6,7.3,22.5,17.3,0.23,-0.13,0.03
ASCC_41.csv,M7,-20.3,8.5,9.6,-0.08,-0.35,0.02
ASCC_41.csv,M8,-17.1,8.5,9.6,-0.08,-0.27,0.02
ASCC_41.csv,M9,-4.1,18.3,11.5,0.17,-0.08,-0.04
ASCC_41.csv,M10,-4.1,18.3,11.5,0.17,-0.08,-0.04
ASCC_41.csv,M11,-40.7,5.6,5.8,-0.19,-0.38,-0.19
ASCC_41.csv,M12,-40.7,5.6,5.8,-0.19,-0.38,-0.19
ASCC_41.csv,M13,-3.3,19.7,13.5,0.18,-0.05,-0.04
ASCC_41.csv,M14,-4.1,18.3,11.5,0.16,-0.05,-0.03
ASCC_41.csv,M15,-38.2,5.6,5.8,-0.15,-0.17,-0.15
ASCC_41.csv,M16,-35.0,5.6,5.8,-0.12,-0.15,-0.10
ASCC_41.csv,M17,4.1,18.3,21.2,0.16,-0.66,0.02
ASCC_41.csv,M18,5.7,16.9,23.1,0.18,-0.43,0.02
ASCC_41.csv,M19,1.6,19.7,13.5,0.19,-0.21,0.02
ASCC_41.csv,M20,-25.2,5.6,21.2,-0.18,-1.09,-0.01
ASCC_41.csv,M21,1.6,19.7,13.5,0.18,-0.21,0.02
ASCC_41.csv,M22,4.1,19.7,15.4,0.18,-0.12,0.02
ASCC_41.csv,M23,-21.1,7.0,9.6,-0.08,-0.35,0.01
ASCC_41.csv,M24,-13.8,9.9,9.6,-0.06,-0.25,0.02
UBC_31.csv,M1,-32.9,26.3,93.8,-0.37,-0.18,0.01
UBC_31.csv,M2,76.7,89.5,100.0,-0.27,-0.05,0.05
UBC_31.csv,M3,-256.2,14.0,31.2,-0.54,-0.36,-0.01
UBC_31.csv,M4,-134.2,21.1,50.0,-0.48,-0.24,0.01
UBC_31.csv,M5,28.8,68.4,81.2,-0.28,0.00,0.05
UBC_31.csv,M6,76.7,84.2,100.0,0.00,0.03,0.06
UBC_31.csv,M7,-174.0,31.6,37.5,-0.49,-0.06,0.03
UBC_31.csv,M8,-46.6,49.1,43.8,-0.38,-0.00,0.04
UBC_31.csv,M9,-113.7,17.5,62.5,-0.20,-0.01,-0.05
UBC_31.csv,M10,-79.5,28.1,75.0,-0.22,0.01,-0.05
UBC_31.csv,M11,-441.1,10.5,12.5,-0.55,-0.12,-0.09
UBC_31.csv,M12,-328.8,14.0,18.8,-0.48,-0.08,-0.08
UBC_31.csv,M13,-190.4,24.6,31.2,-0.23,0.07,-0.06
UBC_31.csv,M14,-242.5,21.1,25.0,-0.25,0.06,-0.05
UBC_31.csv,M15,-620.5,14.0,12.5,-0.58,-0.08,-0.11
UBC_31.csv,M16,-443.8,15.8,12.5,-0.46,-0.01,-0.08
UBC_31.csv,M17,-17.8,52.6,87.5,-0.44,-0.18,0.03
UBC_31.csv,M18,63.0,78.9,100.0,0.03,-0.00,0.05
UBC_31.csv,M19,11.0,57.9,81.2,-0.21,0.00,0.05
UBC_31.csv,M20,-152.1,17.5,43.8,-0.48,-0.23,0.01
UBC_31.csv,M21,-9.6,57.9,56.2,-0.21,0.02,0.05
UBC_31.csv,M22,39.7,68.4,81.2,-0.20,0.02,0.05
UBC_31.csv,M23,-187.7,31.6,31.2,-0.50,-0.07,0.03
UBC_31.csv,M24,-69.9,47.4,37.5,-0.43,-0.02,0.04
NGC_1039.csv,M1,4.3,17.0,41.1,0.15,-0.13,0.05
NGC_1039.csv,M2,7.2,17.6,43.8,0.15,-0.12,0.05
NGC_1039.csv,M3,-27.9,9.5,35.1,-0.36,-0.50,0.03
NGC_1039.csv,M4,-23.2,9.5,37.3,-0.34,-0.43,0.03
NGC_1039.csv,M5,-4.5,17.6,27.6,0.16,-0.01,0.05
NGC_1039.csv,M6,-2.0,18.4,28.6,0.16,0.02,0.05
NGC_1039.csv,M7,-33.0,10.0,17.8,-0.27,-0.21,0.04
NGC_1039.csv,M8,-28.6,10.5,18.9,-0.25,-0.16,0.05
NGC_1039.csv,M9,-11.4,17.3,24.3,0.16,-0.01,-0.02
NGC_1039.csv,M10,-9.9,16.2,24.9,0.15,0.01,-0.01
NGC_1039.csv,M11,-67.7,7.3,11.4,-0.44,-0.18,-0.11
NGC_1039.csv,M12,-57.3,7.8,13.5,-0.40,-0.12,-0.09
NGC_1039.csv,M13,-10.8,16.5,20.0,0.16,0.05,-0.00
NGC_1039.csv,M14,-10.3,17.0,20.0,0.15,0.06,0.00
NGC_1039.csv,M15,-47.4,8.6,9.2,-0.31,0.01,-0.06
NGC_1039.csv,M16,-43.4,9.5,9.7,-0.30,0.02,-0.05
NGC_1039.csv,M17,1.3,15.7,37.3,0.13,-0.15,0.05
NGC_1039.csv,M18,5.4,15.9,42.2,0.13,-0.12,0.05
NGC_1039.csv,M19,-8.1,15.9,23.8,0.14,-0.02,0.04
NGC_1039.csv,M20,-23.1,9.7,36.8,-0.35,-0.43,0.03
NGC_1039.csv,M21,-6.3,15.9,26.5,0.14,-0.01,0.05
NGC_1039.csv,M22,-4.1,17.0,27.0,0.14,0.02,0.05
NGC_1039.csv,M23,-33.7,9.2,16.2,-0.27,-0.20,0.04
NGC_1039.csv,M24,-27.7,11.1,18.9,-0.24,-0.14,0.05
ASCC_127.csv,M1,18.8,18.8,42.0,-0.06,-0.15,0.03
ASCC_127.csv,M2,25.6,18.8,53.6,-0.05,-0.07,0.04
ASCC_127.csv,M3,-60.7,6.2,42.0,-0.73,-0.16,0.03
ASCC_127.csv,M4,-42.7,6.2,46.4,-0.67,-0.13,0.03
ASCC_127.csv,M5,-22.2,12.5,20.3,-0.33,-0.03,0.04
ASCC_127.csv,M6,-13.7,16.7,24.6,-0.34,0.01,0.04
ASCC_127.csv,M7,-90.6,8.3,15.9,-0.72,-0.10,0.03
ASCC_127.csv,M8,-61.5,12.5,27.5,-0.66,-0.05,0.04
ASCC_127.csv,M9,2.6,18.8,20.3,-0.05,0.02,0.01
ASCC_127.csv,M10,12.0,25.0,24.6,-0.03,0.10,0.00
ASCC_127.csv,M11,-94.0,6.2,11.6,-0.67,-0.06,-0.04
ASCC_127.csv,M12,-47.9,12.5,23.2,-0.57,0.01,-0.03
ASCC_127.csv,M13,-50.4,18.8,8.7,-0.46,0.06,-0.02
ASCC_127.csv,M14,-42.7,20.8,8.7,-0.43,0.07,-0.02
ASCC_127.csv,M15,-82.9,14.6,8.7,-0.60,0.03,-0.03
ASCC_127.csv,M16,-66.7,18.8,10.1,-0.55,0.06,-0.02
ASCC_127.csv,M17,15.4,18.8,44.9,-0.19,-0.05,0.04
ASCC_127.csv,M18,22.2,18.8,53.6,-0.15,-0.04,0.04
ASCC_127.csv,M19,-20.5,14.6,21.7,-0.32,-0.02,0.04
ASCC_127.csv,M20,-38.5,8.3,49.3,-0.67,-0.13,0.03
ASCC_127.csv,M21,-8.5,18.8,20.3,-0.20,-0.02,0.04
ASCC_127.csv,M22,-20.5,14.6,26.1,-0.39,-0.01,0.04
ASCC_127.csv,M23,-90.6,8.3,15.9,-0.71,-0.09,0.03
ASCC_127.csv,M24,-65.8,12.5,23.2,-0.65,-0.06,0.04
NGC_2451A.csv,M1,-13.6,4.3,5.9,-0.01,-0.44,-0.02
NGC_2451A.csv,M2,-12.1,4.3,5.9,-0.01,-0.43,-0.01
NGC_2451A.csv,M3,-21.8,3.7,4.7,-0.18,-0.79,-0.03
NGC_2451A.csv,M4,-20.5,3.7,4.7,-0.16,-0.71,-0.03
NGC_2451A.csv,M5,-23.3,4.3,4.7,-0.01,-0.57,-0.03
NGC_2451A.csv,M6,-22.1,4.3,4.1,-0.02,-0.55,-0.02
NGC_2451A.csv,M7,-31.7,3.7,3.6,-0.16,-0.85,-0.03
NGC_2451A.csv,M8,-29.3,3.7,3.6,-0.14,-0.74,-0.03
NGC_2451A.csv,M9,-15.1,6.8,6.5,0.05,-0.17,-0.20
NGC_2451A.csv,M10,-10.9,6.8,7.1,0.06,-0.06,-0.16
NGC_2451A.csv,M11,-31.1,4.3,4.1,-0.21,-0.32,-0.38
NGC_2451A.csv,M12,-21.5,4.3,5.9,-0.15,-0.15,-0.32
NGC_2451A.csv,M13,-13.0,6.8,5.9,0.05,0.01,-0.13
NGC_2451A.csv,M14,-10.0,7.4,6.5,0.07,0.06,-0.11
NGC_2451A.csv,M15,-24.2,3.7,3.6,-0.13,-0.03,-0.20
NGC_2451A.csv,M16,-19.0,4.9,4.1,-0.10,0.03,-0.16
NGC_2451A.csv,M17,-17.5,3.7,5.9,-0.07,-0.61,-0.03
NGC_2451A.csv,M18,-16.6,3.7,5.3,-0.07,-0.58,-0.02
NGC_2451A.csv,M19,-27.5,3.7,4.1,-0.07,-0.68,-0.04
NGC_2451A.csv,M20,-20.2,3.7,5.3,-0.16,-0.70,-0.03
NGC_2451A.csv,M21,-26.3,3.7,4.1,-0.08,-0.66,-0.03
NGC_2451A.csv,M22,-26.3,3.7,4.1,-0.07,-0.59,-0.03
NGC_2451A.csv,M23,-32.0,3.7,3.6,-0.16,-0.85,-0.04
NGC_2451A.csv,M24,-28.7,3.7,3.6,-0.14,-0.66,-0.03
IC_2602.csv,M43,-33.4,7.4,7.4,0.21,-0.71,-0.00
UPK_545.csv,M43,11.5,36.4,45.3,0.82,-0.39,0.02
Collinder_132.csv,M43,-45.3,62.9,58.3,0.94,-0.63,-0.03
RSG_8.csv,M43,40.0,78.4,74.4,0.38,-0.17,0.07
UPK_495.csv,M43,-43.6,50.0,84.6,0.54,-0.49,0.03
UPK_585.csv,M43,-128.6,18.2,33.3,0.11,-0.70,0.01
UBC_8.csv,M43,-36.9,28.6,31.6,0.41,-0.32,-0.04
UPK_442.csv,M43,-70.4,61.9,50.0,0.57,-0.73,-0.01
Gulliver_9.csv,M43,61.1,65.3,68.2,0.61,0.08,0.03
UPK_552.csv,M43,-11.4,37.9,40.0,0.52,-1.25,-0.05
Alessi_2.csv,M43,-13.8,34.2,31.2,0.44,-0.41,0.00
UPK_230.csv,M43,-35.7,33.3,20.0,0.19,-1.04,-0.01
Stock_2.csv,M43,9.8,21.8,28.0,0.41,0.03,-0.00
COIN-Gaia_13.csv,M43,20.0,56.8,62.9,0.60,-0.44,0.02
ASCC_41.csv,M43,43.9,47.9,57.7,0.55,-0.13,0.03
UBC_31.csv,M43,-102.7,68.4,68.8,0.60,-0.42,-0.07
NGC_1039.csv,M43,6.5,28.4,39.5,0.31,-0.16,0.04
ASCC_127.csv,M43,11.1,31.2,33.3,0.17,-0.23,0.01
NGC_2451A.csv,M43,51.1,52.5,63.3,0.70,0.03,0.02
IC_2602.csv,M44,-67.5,4.0,3.0,-0.85,-0.88,-0.00
UPK_545.csv,M44,-14.9,15.2,24.0,-0.04,-0.25,0.05
Collinder_132.csv,M44,32.6,59.7,70.8,-0.01,0.09,0.06
RSG_8.csv,M44,67.1,75.0,87.8,0.13,0.20,0.13
UPK_495.csv,M44,35.9,42.3,92.3,-0.01,-0.00,0.10
UPK_585.csv,M44,46.4,40.9,100.0,-0.02,-0.01,0.06
UBC_8.csv,M44,-64.1,8.3,10.5,0.13,-0.21,-0.02
UPK_442.csv,M44,3.7,35.7,33.3,0.14,-0.05,0.05
Gulliver_9.csv,M44,14.7,31.7,33.1,0.18,0.04,0.04
UPK_552.csv,M44,-9.1,24.1,26.7,0.30,-0.46,0.02
Alessi_2.csv,M44,-17.0,14.4,27.1,0.15,-0.10,0.04
UPK_230.csv,M44,-89.3,11.1,30.0,-0.56,-0.27,0.02
Stock_2.csv,M44,-9.3,7.7,10.0,-0.03,-0.07,0.01
COIN-Gaia_13.csv,M44,-30.0,12.6,34.3,-0.04,-0.09,0.05
ASCC_41.csv,M44,7.3,21.1,23.1,0.26,-0.22,0.02
UBC_31.csv,M44,-104.1,29.8,31.2,-0.05,-0.02,0.03
NGC_1039.csv,M44,-6.7,16.8,24.9,0.15,-0.02,0.05
ASCC_127.csv,M44,-38.5,10.4,18.8,-0.28,-0.05,0.03
NGC_2451A.csv,M44,-0.3,18.5,19.5,0.30,-0.33,-0.02
IC_2602.csv,M45,-75.2,3.4,3.0,-1.00,-0.97,-0.00
UPK_545.csv,M45,-34.5,15.2,20.0,-0.29,-0.36,0.05
Collinder_132.csv,M45,8.1,56.5,66.7,-0.39,0.04,0.06
RSG_8.csv,M45,31.2,73.9,84.1,-0.57,0.09,0.13
UPK_495.csv,M45,28.2,42.3,100.0,-0.42,-0.05,0.10
UPK_585.csv,M45,17.9,27.3,83.3,-0.29,-0.08,0.06
UBC_8.csv,M45,-103.9,1.2,0.0,-0.15,-0.31,-0.03
UPK_442.csv,M45,-48.1,23.8,25.0,-0.06,-0.09,0.05
Gulliver_9.csv,M45,6.3,24.8,34.4,-0.11,0.05,0.04
UPK_552.csv,M45,-63.6,13.8,6.7,-0.33,-0.70,0.02
Alessi_2.csv,M45,-45.9,5.4,27.1,-0.11,-0.14,0.04
UPK_230.csv,M45,-192.9,11.1,10.0,-0.77,-0.41,0.01
Stock_2.csv,M45,-12.5,5.7,7.5,-0.06,-0.11,0.01
COIN-Gaia_13.csv,M45,-86.2,6.3,31.4,-0.43,-0.21,0.05
ASCC_41.csv,M45,-12.2,9.9,9.6,0.05,-0.21,0.01
UBC_31.csv,M45,-158.9,31.6,37.5,-0.44,-0.04,0.03
NGC_1039.csv,M45,-10.8,13.8,23.2,0.11,-0.03,0.05
ASCC_127.csv,M45,-88.0,8.3,15.9,-0.67,-0.09,0.03
NGC_2451A.csv,M45,-21.8,5.6,6.5,0.07,-0.53,-0.03
IC_2602.csv,M46,-100.3,3.4,3.0,-2.62,-1.34,-0.01
UPK_545.csv,M46,-25.9,16.2,24.0,-0.43,-0.31,0.05
Collinder_132.csv,M46,26.7,59.7,66.7,-0.21,0.07,0.06
RSG_8.csv,M46,54.1,77.3,87.8,-0.50,0.15,0.13
UPK_495.csv,M46,33.3,46.2,92.3,0.00,0.00,0.11
UPK_585.csv,M46,39.3,27.3,100.0,0.11,0.05,0.06
UBC_8.csv,M46,-99.0,8.3,0.0,-0.29,-0.32,-0.03
UPK_442.csv,M46,-16.7,26.2,25.0,0.03,-0.08,0.05
Gulliver_9.csv,M46,0.8,26.7,29.1,-0.20,0.05,0.04
UPK_552.csv,M46,2.3,24.1,40.0,0.44,-0.34,0.03
Alessi_2.csv,M46,-37.1,9.0,33.3,-0.18,-0.14,0.04
UPK_230.csv,M46,-142.9,11.1,10.0,-0.78,-0.31,0.01
Stock_2.csv,M46,-31.6,5.4,6.4,-0.80,-0.29,0.00
COIN-Gaia_13.csv,M46,-70.0,7.4,34.3,-0.46,-0.15,0.05
ASCC_41.csv,M46,4.1,18.3,25.0,0.09,-0.23,0.02
UBC_31.csv,M46,-137.0,33.3,31.2,-0.26,-0.03,0.03
NGC_1039.csv,M46,-33.5,10.3,17.8,-0.26,-0.23,0.04
ASCC_127.csv,M46,-70.1,8.3,20.3,-0.69,-0.08,0.03
NGC_2451A.csv,M46,-25.7,6.8,5.9,-0.12,-0.70,-0.03
IC_2602.csv,M47,-83.6,3.4,1.5,-1.87,-0.38,-0.38
UPK_545.csv,M47,-51.7,3.0,8.0,-0.36,-0.03,-0.12
Collinder_132.csv,M47,-87.2,33.9,37.5,-0.40,0.10,-0.00
RSG_8.csv,M47,19.4,70.5,73.2,-0.38,0.29,0.06
UPK_495.csv,M47,-5.1,46.2,76.9,-0.47,0.17,0.02
UPK_585.csv,M47,42.9,50.0,100.0,-0.35,0.10,-0.00
UBC_8.csv,M47,-119.4,2.4,5.3,-0.12,-0.13,-0.11
UPK_442.csv,M47,-105.6,7.1,25.0,-0.24,0.01,-0.01
Gulliver_9.csv,M47,0.0,29.7,30.5,-0.13,0.15,-0.03
UPK_552.csv,M47,-43.2,10.3,0.0,-0.28,-0.05,-0.13
Alessi_2.csv,M47,-28.3,6.3,8.3,-0.01,0.02,-0.01
UPK_230.csv,M47,-196.4,11.1,0.0,-0.71,-0.10,-0.08
Stock_2.csv,M47,-7.9,10.5,11.1,0.11,0.07,-0.06
COIN-Gaia_13.csv,M47,-90.8,3.2,5.7,-0.34,-0.04,-0.01
ASCC_41.csv,M47,-19.5,11.3,5.8,0.05,-0.07,-0.07
UBC_31.csv,M47,-469.9,14.0,12.5,-0.45,-0.02,-0.08
NGC_1039.csv,M47,-16.9,14.6,15.7,0.12,0.06,-0.01
ASCC_127.csv,M47,-64.1,18.8,8.7,-0.52,0.06,-0.02
NGC_2451A.csv,M47,-10.9,7.4,7.1,0.10,0.05,-0.12
IC_2602.csv,M48,-72.0,3.4,1.5,-1.58,-0.34,-0.35
UPK_545.csv,M48,-30.5,8.1,10.7,-0.18,0.01,-0.09
Collinder_132.csv,M48,-57.0,43.5,41.7,-0.40,0.12,0.01
RSG_8.csv,M48,32.4,73.9,75.6,-0.36,0.30,0.07
UPK_495.csv,M48,46.2,61.5,92.3,-0.21,0.19,0.04
UPK_585.csv,M48,100.0,100.0,100.0,nan,nan,nan
UBC_8.csv,M48,-109.7,2.4,5.3,-0.07,-0.12,-0.10
UPK_442.csv,M48,-81.5,11.9,33.3,-0.14,0.02,-0.01
Gulliver_9.csv,M48,8.3,31.7,35.8,-0.10,0.16,-0.02
UPK_552.csv,M48,-40.9,10.3,0.0,-0.24,-0.05,-0.13
Alessi_2.csv,M48,-19.5,8.1,8.3,0.06,0.03,-0.00
UPK_230.csv,M48,-175.0,11.1,0.0,-0.69,-0.07,-0.07
Stock_2.csv,M48,-3.9,12.8,12.9,0.15,0.10,-0.05
COIN-Gaia_13.csv,M48,-80.0,3.2,8.6,-0.31,-0.03,0.00
ASCC_41.csv,M48,-17.1,11.3,5.8,0.05,-0.05,-0.06
UBC_31.csv,M48,-283.6,22.8,18.8,-0.30,0.04,-0.05
NGC_1039.csv,M48,-14.6,15.1,16.2,0.12,0.07,-0.01
ASCC_127.csv,M48,-53.8,18.8,8.7,-0.49,0.06,-0.01
NGC_2451A.csv,M48,-5.7,11.1,8.3,0.13,0.06,-0.08
IC_2602.csv,M49,-145.3,3.4,1.5,-3.14,-0.65,-0.51
UPK_545.csv,M49,-109.2,2.0,6.7,-0.69,-0.14,-0.17
Collinder_132.csv,M49,-181.4,24.2,25.0,-0.46,0.06,-0.02
RSG_8.csv,M49,-61.8,63.6,62.2,-0.61,0.20,0.03
UPK_495.csv,M49,-105.1,23.1,53.8,-0.56,0.11,-0.02
UPK_585.csv,M49,35.7,40.9,83.3,-0.29,0.09,0.01
UBC_8.csv,M49,-171.8,0.0,0.0,-0.29,-0.23,-0.15
UPK_442.csv,M49,-177.8,0.0,8.3,-0.32,-0.04,-0.03
Gulliver_9.csv,M49,-39.3,18.8,17.9,-0.29,0.10,-0.09
UPK_552.csv,M49,-79.5,10.3,0.0,-0.41,-0.18,-0.16
Alessi_2.csv,M49,-69.8,1.8,8.3,-0.26,-0.01,-0.04
UPK_230.csv,M49,-246.4,11.1,0.0,-0.74,-0.14,-0.10
Stock_2.csv,M49,-34.8,3.3,4.4,-0.31,-0.08,-0.14
COIN-Gaia_13.csv,M49,-117.7,3.2,2.9,-0.41,-0.07,-0.03
ASCC_41.csv,M49,-44.7,5.6,5.8,-0.15,-0.28,-0.15
UBC_31.csv,M49,-1616.4,10.5,12.5,-0.96,-0.57,-0.23
NGC_1039.csv,M49,-27.0,11.4,9.7,0.04,0.02,-0.03
ASCC_127.csv,M49,-102.6,12.5,4.3,-0.65,-0.00,-0.04
NGC_2451A.csv,M49,-40.8,4.3,3.6,-0.11,-0.41,-0.43
IC_2602.csv,M50,-78.1,3.4,1.5,-0.58,-0.55,-0.29
IC_2602.csv,M51,-151.8,3.4,1.5,-3.19,-0.65,-0.52
IC_2602.csv,M52,-45.3,6.8,5.9,0.14,-0.36,-0.18
IC_2602.csv,M53,-132.5,3.4,1.5,-2.99,-0.56,-0.50
IC_2602.csv,M54,-27.3,12.5,14.1,0.38,-0.32,-0.15
IC_2602.csv,M55,-138.9,3.4,1.5,-3.04,-0.63,-0.50
UPK_545.csv,M50,-50.6,9.1,13.3,0.13,-0.09,-0.15
UPK_545.csv,M51,-112.1,2.0,5.3,-0.69,-0.14,-0.17
UPK_545.csv,M52,-17.2,22.2,26.7,0.45,-0.08,-0.10
UPK_545.csv,M53,-104.6,2.0,6.7,-0.64,-0.13,-0.16
UPK_545.csv,M54,6.9,31.3,38.7,0.66,-0.04,-0.06
UPK_545.csv,M55,-118.4,2.0,6.7,-0.71,-0.15,-0.18
Collinder_132.csv,M50,-84.9,29.0,33.3,0.10,0.07,-0.00
Collinder_132.csv,M51,-193.0,22.6,20.8,-0.46,0.05,-0.02
Collinder_132.csv,M52,-45.3,43.5,33.3,0.34,0.08,-0.00
Collinder_132.csv,M53,-194.2,22.6,20.8,-0.48,0.05,-0.02
Collinder_132.csv,M54,-27.9,45.2,41.7,0.48,0.07,-0.00
Collinder_132.csv,M55,-181.4,22.6,20.8,-0.46,0.06,-0.01
RSG_8.csv,M50,-13.5,63.6,62.2,-0.08,0.22,0.04
RSG_8.csv,M51,-60.0,63.6,62.2,-0.58,0.20,0.03
RSG_8.csv,M52,11.2,64.8,63.4,0.07,0.24,0.05
RSG_8.csv,M53,-53.5,63.6,62.2,-0.55,0.21,0.03
RSG_8.csv,M54,17.6,67.0,64.6,0.12,0.24,0.05
RSG_8.csv,M55,-68.8,63.6,62.2,-0.61,0.19,0.03
UPK_495.csv,M50,-59.0,26.9,46.2,0.06,0.10,-0.00
UPK_495.csv,M51,-120.5,23.1,53.8,-0.58,0.11,-0.01
UPK_495.csv,M52,-17.9,34.6,69.2,0.26,0.11,0.00
UPK_495.csv,M53,-102.6,23.1,61.5,-0.54,0.11,-0.01
UPK_495.csv,M54,5.1,42.3,76.9,0.36,0.14,0.01
UPK_495.csv,M55,-92.3,26.9,61.5,-0.56,0.12,-0.01
UPK_585.csv,M50,7.1,22.7,50.0,-0.06,0.07,0.02
UPK_585.csv,M51,-46.4,22.7,33.3,-0.73,0.06,-0.03
UPK_585.csv,M52,3.6,22.7,33.3,0.10,0.06,0.02
UPK_585.csv,M53,-42.9,22.7,33.3,-0.71,0.06,-0.02
UPK_585.csv,M54,21.4,22.7,50.0,0.18,0.08,0.03
UPK_585.csv,M55,-53.6,22.7,33.3,-0.71,0.05,-0.02
UBC_8.csv,M50,-81.6,11.9,10.5,0.24,-0.16,-0.11
UBC_8.csv,M51,-171.8,0.0,0.0,-0.31,-0.23,-0.14
UBC_8.csv,M52,-53.4,20.2,31.6,0.35,-0.15,-0.11
UBC_8.csv,M53,-165.0,0.0,0.0,-0.27,-0.21,-0.14
UBC_8.csv,M54,-32.0,32.1,31.6,0.40,-0.16,-0.10
UBC_8.csv,M55,-164.1,0.0,0.0,-0.26,-0.22,-0.14
UPK_442.csv,M50,-88.9,11.9,8.3,0.09,-0.02,-0.02
UPK_442.csv,M51,-179.6,0.0,8.3,-0.34,-0.04,-0.03
UPK_442.csv,M52,-46.3,33.3,25.0,0.32,-0.02,-0.02
UPK_442.csv,M53,-188.9,0.0,8.3,-0.33,-0.04,-0.03
UPK_442.csv,M54,-20.4,45.2,33.3,0.46,0.01,-0.02
UPK_442.csv,M55,-175.9,0.0,8.3,-0.35,-0.03,-0.03
Gulliver_9.csv,M50,11.1,35.6,30.5,0.21,0.13,-0.02
Gulliver_9.csv,M51,-30.2,23.8,23.2,-0.28,0.12,-0.09
Gulliver_9.csv,M52,22.2,40.6,39.1,0.31,0.14,-0.02
Gulliver_9.csv,M53,-33.3,18.8,20.5,-0.25,0.11,-0.09
Gulliver_9.csv,M54,38.5,51.5,51.0,0.43,0.15,-0.00
Gulliver_9.csv,M55,-26.2,21.8,20.5,-0.21,0.11,-0.07
UPK_552.csv,M50,-13.6,17.2,20.0,0.22,-0.11,-0.07
UPK_552.csv,M51,-88.6,10.3,0.0,-0.43,-0.23,-0.20
UPK_552.csv,M52,6.8,24.1,40.0,0.38,-0.07,-0.03
UPK_552.csv,M53,-72.7,10.3,0.0,-0.40,-0.14,-0.16
UPK_552.csv,M54,15.9,27.6,40.0,0.44,-0.04,-0.00
UPK_552.csv,M55,-79.5,10.3,0.0,-0.41,-0.17,-0.20
Alessi_2.csv,M50,-13.2,18.0,18.8,0.27,0.01,-0.01
Alessi_2.csv,M51,-64.8,1.8,8.3,-0.26,-0.01,-0.04
Alessi_2.csv,M52,10.1,31.5,33.3,0.43,0.02,0.00
Alessi_2.csv,M53,-69.2,1.8,8.3,-0.26,-0.01,-0.04
Alessi_2.csv,M54,22.0,41.4,43.8,0.47,0.02,0.00
Alessi_2.csv,M55,-69.2,1.8,8.3,-0.27,-0.01,-0.04
UPK_230.csv,M50,-135.7,11.1,0.0,-0.32,-0.09,-0.08
UPK_230.csv,M51,-250.0,11.1,0.0,-0.77,-0.14,-0.10
UPK_230.csv,M52,-96.4,11.1,0.0,-0.19,-0.06,-0.08
UPK_230.csv,M53,-250.0,11.1,0.0,-0.78,-0.14,-0.11
UPK_230.csv,M54,-50.0,11.1,0.0,-0.02,-0.03,-0.07
UPK_230.csv,M55,-250.0,11.1,0.0,-0.77,-0.13,-0.11
Stock_2.csv,M50,-12.9,8.6,11.1,0.15,0.01,-0.08
Stock_2.csv,M51,-42.4,3.3,4.4,-0.53,-0.09,-0.17
Stock_2.csv,M52,6.7,21.0,26.2,0.42,0.09,-0.06
Stock_2.csv,M53,-31.8,3.3,4.9,-0.25,-0.06,-0.12
Stock_2.csv,M54,21.8,31.8,41.4,0.57,0.13,-0.05
Stock_2.csv,M55,-22.2,4.1,5.1,-0.06,-0.03,-0.10
COIN-Gaia_13.csv,M50,-44.6,14.7,14.3,0.19,-0.05,-0.01
COIN-Gaia_13.csv,M51,-120.0,3.2,2.9,-0.43,-0.07,-0.03
COIN-Gaia_13.csv,M52,-15.4,29.5,22.9,0.37,-0.05,-0.01
COIN-Gaia_13.csv,M53,-118.5,3.2,2.9,-0.42,-0.07,-0.03
COIN-Gaia_13.csv,M54,6.9,40.0,40.0,0.49,-0.04,-0.01
COIN-Gaia_13.csv,M55,-114.6,3.2,2.9,-0.40,-0.06,-0.02
ASCC_41.csv,M50,-2.4,22.5,19.2,0.27,-0.16,-0.06
ASCC_41.csv,M51,-48.0,5.6,5.8,-0.17,-0.30,-0.16
ASCC_41.csv,M52,14.6,33.8,26.9,0.39,-0.11,-0.03
ASCC_41.csv,M53,-46.3,5.6,5.8,-0.15,-0.29,-0.16
ASCC_41.csv,M54,26.8,39.4,34.6,0.46,-0.07,-0.01
ASCC_41.csv,M55,-46.3,5.6,5.8,-0.16,-0.30,-0.15
UBC_31.csv,M50,-1289.0,21.1,12.5,-0.55,-0.56,-0.22
UBC_31.csv,M51,-1620.5,10.5,12.5,-0.96,-0.57,-0.22
UBC_31.csv,M52,-1230.1,26.3,12.5,-0.49,-0.58,-0.23
UBC_31.csv,M53,-1605.5,10.5,12.5,-0.96,-0.56,-0.22
UBC_31.csv,M54,-1139.7,33.3,12.5,-0.44,-0.58,-0.23
UBC_31.csv,M55,-1604.1,10.5,12.5,-0.96,-0.56,-0.22
NGC_1039.csv,M50,-4.7,20.3,25.9,0.24,0.04,-0.00
NGC_1039.csv,M51,-35.9,8.1,7.6,-0.08,0.01,-0.05
NGC_1039.csv,M52,13.0,33.8,42.7,0.33,0.04,-0.00
NGC_1039.csv,M53,-28.8,10.8,8.6,0.03,0.02,-0.04
NGC_1039.csv,M54,26.3,44.6,49.2,0.37,0.04,-0.00
NGC_1039.csv,M55,-21.1,13.2,14.1,0.12,0.03,-0.02
ASCC_127.csv,M50,-42.7,12.5,4.3,-0.23,0.06,-0.01
ASCC_127.csv,M51,-100.9,12.5,4.3,-0.65,0.01,-0.04
ASCC_127.csv,M52,-10.3,16.7,11.6,-0.03,0.09,0.01
ASCC_127.csv,M53,-101.7,12.5,4.3,-0.64,-0.00,-0.04
ASCC_127.csv,M54,8.5,27.1,17.4,0.10,0.10,0.01
ASCC_127.csv,M55,-104.3,14.6,4.3,-0.66,-0.00,-0.04
NGC_2451A.csv,M50,1.8,22.2,24.3,0.41,-0.17,-0.21
NGC_2451A.csv,M51,-39.3,3.7,3.6,-0.13,-0.36,-0.40
NGC_2451A.csv,M52,13.3,28.4,36.1,0.51,-0.18,-0.14
NGC_2451A.csv,M53,-40.8,4.3,3.6,-0.11,-0.42,-0.42
NGC_2451A.csv,M54,21.8,32.7,45.0,0.58,-0.17,-0.17
NGC_2451A.csv,M55,-38.1,4.3,4.1,-0.08,-0.36,-0.41
IC_2602.csv,M56,-2.3,19.9,28.1,0.60,-0.21,-0.14
IC_2602.csv,M57,-135.0,3.4,1.5,-2.90,-0.63,-0.49
UPK_545.csv,M56,23.0,39.4,46.7,0.83,0.00,-0.03
UPK_545.csv,M57,-116.7,2.0,6.7,-0.70,-0.15,-0.18
Collinder_132.csv,M56,-12.8,48.4,50.0,0.56,0.06,0.01
Collinder_132.csv,M57,-186.0,22.6,25.0,-0.47,0.05,-0.02
RSG_8.csv,M56,30.0,68.2,67.1,0.19,0.25,0.05
RSG_8.csv,M57,-59.4,63.6,62.2,-0.59,0.21,0.03
UPK_495.csv,M56,5.1,38.5,76.9,0.46,0.11,0.03
UPK_495.csv,M57,-141.0,19.2,38.5,-0.63,0.10,-0.02
UPK_585.csv,M56,21.4,27.3,33.3,0.20,0.08,0.02
UPK_585.csv,M57,-67.9,22.7,33.3,-0.73,0.04,-0.02
UBC_8.csv,M56,-13.6,38.1,36.8,0.44,-0.13,-0.10
UBC_8.csv,M57,-164.1,0.0,0.0,-0.26,-0.21,-0.14
UPK_442.csv,M56,-13.0,50.0,41.7,0.50,-0.00,-0.02
UPK_442.csv,M57,-168.5,0.0,8.3,-0.31,-0.03,-0.03
Gulliver_9.csv,M56,53.6,61.4,62.9,0.55,0.15,-0.00
Gulliver_9.csv,M57,-30.6,19.8,19.2,-0.23,0.11,-0.08
UPK_552.csv,M56,34.1,44.8,53.3,0.52,0.01,-0.01
UPK_552.csv,M57,-84.1,10.3,0.0,-0.39,-0.18,-0.20
Alessi_2.csv,M56,35.8,52.3,58.3,0.52,0.02,0.00
Alessi_2.csv,M57,-66.7,1.8,8.3,-0.26,-0.01,-0.04
UPK_230.csv,M56,-25.0,16.7,10.0,0.09,-0.03,-0.05
UPK_230.csv,M57,-239.3,11.1,0.0,-0.77,-0.13,-0.10
Stock_2.csv,M56,33.0,42.1,50.4,0.64,0.14,-0.05
Stock_2.csv,M57,-22.5,3.9,6.2,-0.03,-0.04,-0.10
COIN-Gaia_13.csv,M56,22.3,51.6,48.6,0.58,-0.04,-0.02
COIN-Gaia_13.csv,M57,-116.2,3.2,2.9,-0.42,-0.06,-0.03
ASCC_41.csv,M56,42.3,47.9,51.9,0.55,-0.02,0.02
ASCC_41.csv,M57,-43.1,5.6,5.8,-0.12,-0.28,-0.15
UBC_31.csv,M56,-1037.0,36.8,25.0,-0.40,-0.56,-0.23
UBC_31.csv,M57,-1653.4,10.5,12.5,-0.96,-0.58,-0.23
NGC_1039.csv,M56,38.4,51.9,59.5,0.40,0.03,0.01
NGC_1039.csv,M57,-16.8,14.6,16.8,0.13,0.04,-0.01
ASCC_127.csv,M56,21.4,37.5,24.6,0.16,0.11,0.01
ASCC_127.csv,M57,-102.6,12.5,4.3,-0.64,0.00,-0.04
NGC_2451A.csv,M56,29.3,38.9,50.9,0.63,-0.14,-0.10
NGC_2451A.csv,M57,-36.9,4.9,4.7,-0.05,-0.37,-0.42
IC_2602.csv,M58,-14.5,17.0,14.1,-2.26,0.08,-0.24
IC_2602.csv,M59,-171.1,3.4,1.5,-3.75,-0.69,-0.57
IC_2602.csv,M60,23.8,36.4,37.0,-1.79,0.25,-0.07
IC_2602.csv,M61,-162.4,3.4,1.5,-3.70,-0.65,-0.56
IC_2602.csv,M62,53.7,59.7,61.5,-1.12,0.40,0.01
IC_2602.csv,M63,-164.6,3.4,1.5,-3.71,-0.65,-0.57
UPK_545.csv,M58,0.0,21.2,26.7,-0.29,0.09,-0.05
UPK_545.csv,M59,-111.5,2.0,6.7,-0.76,-0.13,-0.17
UPK_545.csv,M60,32.2,40.4,45.3,0.00,0.16,0.01
UPK_545.csv,M61,-128.7,2.0,5.3,-0.83,-0.16,-0.19
UPK_545.csv,M62,54.0,56.6,60.0,0.38,0.20,0.04
UPK_545.csv,M63,-122.4,2.0,6.7,-0.82,-0.15,-0.18
Collinder_132.csv,M58,-39.5,48.4,41.7,-0.42,0.13,0.01
Collinder_132.csv,M59,-194.2,22.6,25.0,-0.48,0.05,-0.02
Collinder_132.csv,M60,5.8,56.5,45.8,-0.33,0.14,0.03
Collinder_132.csv,M61,-175.6,25.8,25.0,-0.48,0.06,-0.01
Collinder_132.csv,M62,36.0,66.1,62.5,-0.20,0.17,0.04
Collinder_132.csv,M63,-188.4,22.6,20.8,-0.47,0.05,-0.02
RSG_8.csv,M58,24.7,72.7,73.2,-0.42,0.30,0.06
RSG_8.csv,M59,-66.5,63.6,62.2,-0.63,0.19,0.03
RSG_8.csv,M60,55.9,77.3,81.7,-0.37,0.34,0.09
RSG_8.csv,M61,-55.9,63.6,62.2,-0.63,0.21,0.03
RSG_8.csv,M62,72.9,78.4,86.6,-0.15,0.36,0.10
RSG_8.csv,M63,-67.1,63.6,62.2,-0.64,0.20,0.03
UPK_495.csv,M58,2.6,46.2,76.9,-0.48,0.18,0.03
UPK_495.csv,M59,-48.7,38.5,69.2,-0.60,0.14,-0.01
UPK_495.csv,M60,23.1,53.8,92.3,-0.34,0.20,0.04
UPK_495.csv,M61,-87.2,30.8,53.8,-0.57,0.12,-0.02
UPK_495.csv,M62,61.5,69.2,100.0,-0.14,0.20,0.09
UPK_495.csv,M63,-135.9,23.1,38.5,-0.61,0.10,-0.02
UPK_585.csv,M58,39.3,40.9,83.3,-0.46,0.10,0.02
UPK_585.csv,M59,-42.9,22.7,33.3,-0.74,0.06,-0.02
UPK_585.csv,M60,50.0,50.0,83.3,-0.33,0.10,0.02
UPK_585.csv,M61,-64.3,22.7,33.3,-0.72,0.04,-0.03
UPK_585.csv,M62,53.6,54.5,83.3,-0.34,0.12,0.02
UPK_585.csv,M63,-35.7,27.3,33.3,-0.76,0.07,-0.02
UBC_8.csv,M58,-56.3,4.8,15.8,-0.16,0.01,-0.05
UBC_8.csv,M59,-143.7,0.0,5.3,-0.32,-0.15,-0.12
UBC_8.csv,M60,-18.4,19.0,26.3,-0.07,0.04,-0.03
UBC_8.csv,M61,-122.3,0.0,5.3,-0.29,-0.10,-0.11
UBC_8.csv,M62,17.5,36.9,47.4,-0.08,0.07,-0.02
UBC_8.csv,M63,-105.8,0.0,5.3,-0.27,-0.06,-0.10
UPK_442.csv,M58,-25.9,26.2,41.7,-0.04,0.06,0.02
UPK_442.csv,M59,-166.7,0.0,8.3,-0.31,-0.03,-0.03
UPK_442.csv,M60,1.9,35.7,41.7,0.03,0.07,0.03
UPK_442.csv,M61,-177.8,0.0,8.3,-0.32,-0.03,-0.03
UPK_442.csv,M62,38.9,57.1,50.0,0.02,0.09,0.04
UPK_442.csv,M63,-172.2,0.0,8.3,-0.33,-0.03,-0.03
Gulliver_9.csv,M58,35.3,50.5,50.3,-0.06,0.22,0.00
Gulliver_9.csv,M59,-33.7,22.8,19.9,-0.34,0.12,-0.09
Gulliver_9.csv,M60,52.0,64.4,59.6,-0.01,0.25,0.02
Gulliver_9.csv,M61,-34.5,21.8,21.2,-0.34,0.12,-0.08
Gulliver_9.csv,M62,71.8,73.3,78.1,0.08,0.27,0.03
Gulliver_9.csv,M63,-46.8,18.8,17.2,-0.38,0.10,-0.10
UPK_552.csv,M58,13.6,31.0,40.0,-0.13,0.14,-0.02
UPK_552.csv,M59,-61.4,10.3,0.0,-0.38,-0.11,-0.15
UPK_552.csv,M60,43.2,44.8,53.3,0.25,0.21,0.05
UPK_552.csv,M61,-61.4,10.3,0.0,-0.35,-0.10,-0.16
UPK_552.csv,M62,59.1,62.1,66.7,0.41,0.26,0.04
UPK_552.csv,M63,-54.5,10.3,0.0,-0.34,-0.06,-0.13
Alessi_2.csv,M58,8.8,20.7,39.6,-0.03,0.07,0.02
Alessi_2.csv,M59,-73.6,1.8,8.3,-0.33,-0.01,-0.05
Alessi_2.csv,M60,37.1,36.0,66.7,0.03,0.08,0.03
Alessi_2.csv,M61,-78.0,1.8,8.3,-0.33,-0.02,-0.05
Alessi_2.csv,M62,62.3,53.2,89.6,0.03,0.10,0.04
Alessi_2.csv,M63,-73.6,1.8,8.3,-0.33,-0.01,-0.05
UPK_230.csv,M58,-67.9,11.1,10.0,-0.59,-0.02,-0.01
UPK_230.csv,M59,-250.0,11.1,0.0,-0.78,-0.14,-0.10
UPK_230.csv,M60,-14.3,22.2,30.0,-0.36,0.03,0.01
UPK_230.csv,M61,-246.4,11.1,0.0,-0.78,-0.14,-0.10
UPK_230.csv,M62,21.4,22.2,50.0,-0.18,0.07,0.02
UPK_230.csv,M63,-225.0,11.1,0.0,-0.76,-0.11,-0.10
Stock_2.csv,M58,27.3,39.9,43.2,-0.28,0.30,-0.06
Stock_2.csv,M59,-42.2,6.8,6.4,-0.99,-0.02,-0.17
Stock_2.csv,M60,53.5,57.2,64.8,-0.00,0.40,-0.02
Stock_2.csv,M61,-32.9,9.5,8.5,-0.89,0.03,-0.15
Stock_2.csv,M62,71.4,72.5,79.7,0.18,0.47,-0.00
Stock_2.csv,M63,-27.6,10.9,10.8,-0.82,0.05,-0.14
COIN-Gaia_13.csv,M58,-20.8,15.8,31.4,-0.30,0.04,0.04
COIN-Gaia_13.csv,M59,-107.7,3.2,5.7,-0.39,-0.05,-0.02
COIN-Gaia_13.csv,M60,13.1,33.7,40.0,-0.14,0.06,0.04
COIN-Gaia_13.csv,M61,-102.3,3.2,5.7,-0.39,-0.04,-0.02
COIN-Gaia_13.csv,M62,42.3,47.4,68.6,-0.06,0.08,0.05
COIN-Gaia_13.csv,M63,-101.5,3.2,5.7,-0.40,-0.04,-0.02
ASCC_41.csv,M58,9.8,22.5,11.5,0.08,0.10,0.01
ASCC_41.csv,M59,-18.7,5.6,5.8,-0.06,-0.01,-0.06
ASCC_41.csv,M60,34.1,42.3,38.5,0.23,0.15,0.03
ASCC_41.csv,M61,-10.6,8.5,5.8,-0.05,0.03,-0.03
ASCC_41.csv,M62,52.0,53.5,59.6,0.31,0.18,0.04
ASCC_41.csv,M63,-8.1,9.9,5.8,-0.06,0.05,-0.03
UBC_31.csv,M58,-672.6,10.5,12.5,-0.67,-0.11,-0.12
UBC_31.csv,M59,-1491.8,10.5,12.5,-0.97,-0.51,-0.21
UBC_31.csv,M60,-435.6,17.5,12.5,-0.52,-0.02,-0.08
UBC_31.csv,M61,-1417.8,10.5,12.5,-0.95,-0.47,-0.21
UBC_31.csv,M62,-237.0,26.3,25.0,-0.37,0.06,-0.06
UBC_31.csv,M63,-1356.2,10.5,12.5,-0.93,-0.44,-0.20
NGC_1039.csv,M58,11.4,30.5,34.1,-0.13,0.16,0.03
NGC_1039.csv,M59,-35.0,10.3,9.7,-0.26,0.06,-0.04
NGC_1039.csv,M60,37.7,45.9,54.1,-0.06,0.20,0.05
NGC_1039.csv,M61,-28.3,12.7,11.4,-0.23,0.08,-0.03
NGC_1039.csv,M62,59.1,63.2,71.4,-0.09,0.23,0.05
NGC_1039.csv,M63,-24.3,14.3,13.5,-0.20,0.08,-0.02
ASCC_127.csv,M58,0.9,31.2,33.3,-0.32,0.16,0.01
ASCC_127.csv,M59,-103.4,14.6,4.3,-0.67,-0.00,-0.04
ASCC_127.csv,M60,37.6,50.0,59.4,-0.29,0.20,0.02
ASCC_127.csv,M61,-99.1,14.6,4.3,-0.67,0.01,-0.03
ASCC_127.csv,M62,60.7,64.6,76.8,-0.19,0.24,0.03
ASCC_127.csv,M63,-101.7,14.6,4.3,-0.67,0.00,-0.03
NGC_2451A.csv,M58,26.9,32.1,34.3,0.15,0.36,-0.01
NGC_2451A.csv,M59,-15.7,6.8,5.3,-0.09,0.05,-0.14
NGC_2451A.csv,M60,57.7,59.9,58.6,0.22,0.53,0.03
NGC_2451A.csv,M61,-7.6,10.5,9.5,-0.03,0.11,-0.12
NGC_2451A.csv,M62,75.5,77.8,75.1,0.28,0.62,0.04
NGC_2451A.csv,M63,1.8,16.7,14.8,0.02,0.20,-0.09
IC_2602.csv,M64,70.1,72.7,72.6,-0.46,0.54,0.04
UPK_545.csv,M64,66.1,67.7,69.3,0.45,0.23,0.05
Collinder_132.csv,M64,52.3,71.0,79.2,-0.24,0.18,0.04
RSG_8.csv,M64,82.4,86.4,92.7,-0.11,0.38,0.12
UPK_495.csv,M64,61.5,69.2,100.0,0.03,0.20,0.09
UPK_585.csv,M64,85.7,81.8,100.0,0.19,0.13,0.07
UBC_8.csv,M64,43.7,52.4,63.2,-0.14,0.09,-0.01
UPK_442.csv,M64,57.4,64.3,58.3,0.09,0.10,0.05
Gulliver_9.csv,M64,81.0,81.2,84.8,0.14,0.29,0.04
UPK_552.csv,M64,75.0,72.4,86.7,0.47,0.28,0.06
Alessi_2.csv,M64,73.6,65.8,93.8,0.14,0.11,0.05
UPK_230.csv,M64,53.6,44.4,80.0,0.08,0.10,0.02
Stock_2.csv,M64,81.5,82.8,85.3,0.29,0.52,0.02
COIN-Gaia_13.csv,M64,61.5,61.1,82.9,0.11,0.10,0.06
ASCC_41.csv,M64,65.9,66.2,73.1,0.28,0.21,0.04
UBC_31.csv,M64,-137.0,33.3,43.8,-0.36,0.09,-0.03
NGC_1039.csv,M64,74.8,75.4,83.2,-0.12,0.26,0.06
ASCC_127.csv,M64,73.5,72.9,82.6,-0.13,0.26,0.03
NGC_2451A.csv,M64,84.3,84.0,85.8,0.30,0.68,0.05
IC_2602.csv,M65,-157.9,3.4,1.5,-3.70,-0.62,-0.56
UPK_545.csv,M65,-121.8,2.0,5.3,-0.80,-0.15,-0.18
Collinder_132.csv,M65,-189.5,22.6,20.8,-0.47,0.05,-0.02
RSG_8.csv,M65,-71.2,63.6,62.2,-0.65,0.19,0.03
UPK_495.csv,M65,-117.9,23.1,46.2,-0.60,0.11,-0.02
UPK_585.csv,M65,64.3,63.6,100.0,-0.43,0.08,0.02
UBC_8.csv,M65,-97.1,1.2,5.3,-0.24,-0.05,-0.09
UPK_442.csv,M65,-185.2,0.0,8.3,-0.32,-0.04,-0.03
Gulliver_9.csv,M65,-42.1,18.8,18.5,-0.35,0.10,-0.09
UPK_552.csv,M65,-47.7,10.3,0.0,-0.28,-0.05,-0.12
Alessi_2.csv,M65,-73.6,1.8,8.3,-0.33,-0.01,-0.05
UPK_230.csv,M65,-217.9,11.1,0.0,-0.73,-0.11,-0.10
Stock_2.csv,M65,-22.8,12.8,12.1,-0.74,0.08,-0.14
COIN-Gaia_13.csv,M65,-92.3,3.2,8.6,-0.39,-0.04,-0.00
ASCC_41.csv,M65,-5.7,12.7,7.7,-0.05,0.06,-0.03
UBC_31.csv,M65,-1391.8,10.5,12.5,-0.94,-0.46,-0.21
NGC_1039.csv,M65,-20.9,15.1,16.2,-0.19,0.09,-0.01
ASCC_127.csv,M65,-97.4,14.6,5.8,-0.67,0.01,-0.03
NGC_2451A.csv,M65,10.0,22.2,17.2,0.10,0.25,-0.04